[
    {
        "min": "0",
        "max": "18200",
        "additional_amount": "0",
        "tax_percent_multiplier": "0"
    },
    {
        "min": "18201",
        "max": "37000",
        "additional_amount": "0",
        "tax_percent_multiplier": "0.19"
    },
    {
        "min": "37001",
        "max": "87000",
        "additional_amount": "3572",
        "tax_percent_multiplier": "0.325"
    },
    {
        "min": "87001",
        "max": "180000",
        "additional_amount": "19822",
        "tax_percent_multiplier": "0.37"
    },
    {
        "min": "180001",
        "max": "99999999999999999999999999",
        "additional_amount": "54232",
        "tax_percent_multiplier": "0.45"
    }
]